{
  "code": 200,
  "total": 20,
  "data": [{
      "id": 1,
      "nickname": "小王",
      "realname": "キアナ·カスラナ",
      "phone": 13888888888,
      "permgroup": 1,
      "permgroupname":"分组YYY",
      "station": 1,
      "email": "email@testemail.com"
    },
    {
      "id": 2,
      "nickname": "小李",
      "realname": "キアナ·カスラナ",
      "phone": 13888888888,
      "permgroup": 2,
      "permgroupname":"分组YYY",
      "station": 1,
      "email": "email@testemail.com"
    },
    {
      "id": 3,
      "nickname": "小王",
      "realname": "キアナ·カスラナ",
      "phone": 13888888888,
      "permgroup": 3,
      "permgroupname":"分组XXX",
      "station": 1,
      "email": "email@testemail.com"
    },
    {
      "id": 4,
      "nickname": "小王",
      "realname": "キアナ·カスラナ",
      "phone": 13888888888,
      "permgroup": 4,
      "permgroupname":"分组ZZZ",
      "station": 1,
      "email": "email@testemail.com"
    },
    {
      "id": 5,
      "nickname": "小王",
      "realname": "キアナ·カスラナ",
      "phone": 13888888888,
      "permgroup": 2,
      "permgroupname":"分组XXX",
      "station": 1,
      "email": "email@testemail.com"
    },
    {
      "id": 6,
      "nickname": "小王",
      "realname": "キアナ·カスラナ",
      "phone": 13888888888,
      "permgroup": 4,
      "permgroupname":"分组XXX",
      "station": 1,
      "email": "email@testemail.com"
    },
    {
      "id": 7,
      "nickname": "小王",
      "realname": "キアナ·カスラナ",
      "phone": 13888888888,
      "permgroup": 1,
      "permgroupname":"分组XXX",
      "station": 1,
      "email": "email@testemail.com"
    },
    {
      "id": 8,
      "nickname": "小王",
      "realname": "キアナ·カスラナ",
      "phone": 13888888888,
      "permgroup": 1,
      "permgroupname":"分组XXX",
      "station": 0,
      "email": "email@testemail.com"
    },
    {
      "id": 9,
      "nickname": "小王",
      "realname": "キアナ·カスラナ",
      "phone": 13888888888,
      "permgroup": 1,
      "permgroupname":"分组XXX",
      "station": 0,
      "email": "email@testemail.com"
    },
    {
      "id": 10,
      "nickname": "小王",
      "realname": "キアナ·カスラナ",
      "phone": 13888888888,
      "permgroup": 1,
      "permgroupname":"分组XXX",
      "station": 0,
      "email": "email@testemail.com"
    }, {
      "id": 11,
      "nickname": "小王",
      "realname": "キアナ·カスラナ",
      "phone": 13888888888,
      "permgroup": 1,
      "permgroupname":"分组XXX",
      "station": 1,
      "email": "email@testemail.com"
    }, {
      "id": 12,
      "nickname": "小李",
      "realname": "キアナ·カスラナ",
      "phone": 13888888888,
      "permgroup": 1,
      "permgroupname":"分组XXX",
      "station": 1,
      "email": "email@testemail.com"
    }, {
      "id": 13,
      "nickname": "小王",
      "realname": "キアナ·カスラナ",
      "phone": 13888888888,
      "permgroup": 1,
      "permgroupname":"分组XXX",
      "station": 1,
      "email": "email@testemail.com"
    }, {
      "id": 14,
      "nickname": "小王",
      "realname": "キアナ·カスラナ",
      "phone": 13888888888,
      "permgroup": 1,
      "permgroupname":"分组XXX",
      "station": 1,
      "email": "email@testemail.com"
    }, {
      "id": 15,
      "nickname": "小王",
      "realname": "キアナ·カスラナ",
      "phone": 13888888888,
      "permgroup": 1,
      "permgroupname":"分组XXX",
      "station": 1,
      "email": "email@testemail.com"
    }, {
      "id": 16,
      "nickname": "小王",
      "realname": "キアナ·カスラナ",
      "phone": 13888888888,
      "permgroup": 1,
      "permgroupname":"分组XXX",
      "station": 1,
      "email": "email@testemail.com"
    }, {
      "id": 17,
      "nickname": "小王",
      "realname": "キアナ·カスラナ",
      "phone": 13888888888,
      "permgroup": 1,
      "permgroupname":"分组XXX",
      "station": 1,
      "email": "email@testemail.com"
    }, {
      "id": 18,
      "nickname": "小王",
      "realname": "キアナ·カスラナ",
      "phone": 13888888888,
      "permgroup": 1,
      "permgroupname":"分组XXX",
      "station": 1,
      "email": "email@testemail.com"
    }, {
      "id": 19,
      "nickname": "小王",
      "realname": "キアナ·カスラナ",
      "phone": 13888888888,
      "permgroup": 1,
      "permgroupname":"分组XXX",
      "station": 1,
      "email": "email@testemail.com"
    }, {
      "id": 20,
      "nickname": "小王",
      "realname": "キアナ·カスラナ",
      "phone": 13888888888,
      "permgroup": 1,
      "permgroupname":"分组XXX",
      "station": 1,
      "email": "email@testemail.com"
    }
  ]
}
